﻿<?xml version="1.0" encoding="utf-8"?>
<ProjectInfo xmlns:xsi="http://www.w3.org/2001/XMLSchema-instance" xmlns:xsd="http://www.w3.org/2001/XMLSchema" xmlns="http://www.sonarsource.com/msbuild/integration/2015/1">
  <ProjectName>TestProject</ProjectName>
  <ProjectGuid>DA0FCD82-9C5C-4666-9370-C7388281D49B</ProjectGuid>

  <!-- Possible values: Product, Test -->
  <ProjectType>Test</ProjectType>
  <FullPath>C:\TestProject\TestProject.csproj</FullPath>
  <AnalysisResults>
    <!-- Location is relative and so won't be found, so the project info file should be ignored -->
    <AnalysisResult Id="ManagedCompilerInputs" Location="CompileList.txt" />
  </AnalysisResults>
</ProjectInfo>
