﻿<?xml version="1.0" encoding="utf-8"?>
<ProjectInfo xmlns:xsi="http://www.w3.org/2001/XMLSchema-instance" xmlns:xsd="http://www.w3.org/2001/XMLSchema" xmlns="http://www.sonarsource.com/msbuild/integration/2015/1">
  <ProjectName>ProductProject</ProjectName>
  <ProjectGuid>DB2E5521-3172-47B9-BA50-864F12E6DFFF</ProjectGuid>

  <!-- Possible values: Product, Test -->
  <ProjectType>Product</ProjectType>
  <FullPath>C:\ProductProject\ProductProject.csproj</FullPath>
  <AnalysisResults>
    <AnalysisResult Id="AnotherAnalyserId" Location="CompileList.txt" />
  </AnalysisResults>
</ProjectInfo>
